"","column","stay_aft_leav2","mean","N","sd","iqr","median","q2","q3"
"1","stay_aft_leav2","0",47.3333333333333,9,40.6571027005122,61,55,12,73
"2","stay_aft_leav2","1",148.240601503759,266,70.5256437104186,86.75,148.5,102.25,189
"3","stay_aft_leav2","4",89.5,2,38.8908729652601,27.5,89.5,75.75,103.25
"4","stay_aft_leav2","5",48.4,5,34.1364907393833,59,62,18,77
"5","stay_aft_leav2","6",88.0909090909091,11,82.8799789399763,141,56,24,165
"6","stay_aft_leav2","Nurse",167.19298245614,57,71.7961993115859,88,166,114,202
"7","stay_aft_leav2",NA,179.132075471698,53,50.6773495663607,77,169,142,219
